clunky,native,type,category
The city was busy.,"The metropolis thrummed with a restless, electric energy.",Sentence,Atmosphere & Setting
The room was very cold.,A biting chill permeated every corner of the drafty chamber.,Sentence,Atmosphere & Setting
The forest was quiet.,"A heavy, expectant silence hung beneath the ancient canopy.",Sentence,Atmosphere & Setting
The sun was hot.,"The sun beat down with a relentless, sweltering intensity.",Sentence,Atmosphere & Setting
The street was crowded.,The thoroughfare was choked with a surging tide of humanity.,Sentence,Atmosphere & Setting
The house was old and scary.,"The manor stood in a state of elegant decay, cloaked in shadows.",Noun Phrase,Atmosphere & Setting
The air smelled like rain.,The earthy scent of petrichor rose from the parched pavement.,Noun Phrase,Atmosphere & Setting
The mountains were big.,Jagged peaks pierced the horizon like the teeth of a sleeping giant.,Sentence,Atmosphere & Setting
The night was dark.,An ink-black darkness swallowed the landscape whole.,Sentence,Atmosphere & Setting
He looked angry.,A storm of indignation brewed behind his narrowed eyes.,Sentence,Character Descriptions
She was very beautiful.,She possessed a luminous grace that seemed to command the very air around her.,Sentence,Character Descriptions
He moved quickly.,He vanished into the shadows with the fluid ease of a predator.,Verb Phrase,Action & Movement
The ocean was loud.,The rhythmic roar of the surf battered the shoreline with tireless fury.,Sentence,Atmosphere & Setting
She felt sad.,A hollow ache took up residence in the center of her chest.,Sentence,Inner Monologue & Emotion
The fire was bright.,"Amber flames danced and spat, casting long, flickering shadows against the hearth.",Sentence,Atmosphere & Setting
The crescendo looked radiant.,"The crescendo whispered through the air, cloaked in a radiant light.",Creative Prose,Dialogue & Speech
The void looked visceral.,"The void echoed through the air, cloaked in a visceral light.",Creative Prose,Character Descriptions
The silhouette looked timeless.,"The silhouette shimmered through the air, cloaked in a timeless light.",Creative Prose,Character Descriptions
The silhouette looked vivid.,"The silhouette dissolved through the air, cloaked in a vivid light.",Creative Prose,Dialogue & Speech
The horizon looked melancholy.,"The horizon cascaded through the air, cloaked in a melancholy light.",Creative Prose,Atmosphere & Setting
The mirage looked timeless.,"The mirage ignited through the air, cloaked in a timeless light.",Creative Prose,Atmosphere & Setting
The tapestry looked ethereal.,"The tapestry shimmered through the air, cloaked in a ethereal light.",Creative Prose,Action & Movement
The crescendo looked radiant.,"The crescendo loomed through the air, cloaked in a radiant light.",Creative Prose,Character Descriptions
The silhouette looked vivid.,"The silhouette dissolved through the air, cloaked in a vivid light.",Creative Prose,Action & Movement
The horizon looked timeless.,"The horizon entwined through the air, cloaked in a timeless light.",Creative Prose,Dialogue & Speech
The silhouette looked haunting.,"The silhouette echoed through the air, cloaked in a haunting light.",Creative Prose,Inner Monologue & Emotion
The labyrinth looked sublime.,"The labyrinth pulsated through the air, cloaked in a sublime light.",Creative Prose,Character Descriptions
The legacy looked timeless.,"The legacy shimmered through the air, cloaked in a timeless light.",Creative Prose,Sensory Details
The crescendo looked ominous.,"The crescendo entwined through the air, cloaked in a ominous light.",Creative Prose,Character Descriptions
The mirage looked melancholy.,"The mirage pulsated through the air, cloaked in a melancholy light.",Creative Prose,Sensory Details
The crescendo looked timeless.,"The crescendo loomed through the air, cloaked in a timeless light.",Creative Prose,Inner Monologue & Emotion
The sanctuary looked radiant.,"The sanctuary cascaded through the air, cloaked in a radiant light.",Creative Prose,Dialogue & Speech
The crescendo looked timeless.,"The crescendo cascaded through the air, cloaked in a timeless light.",Creative Prose,Dialogue & Speech
The void looked melancholy.,"The void dissolved through the air, cloaked in a melancholy light.",Creative Prose,Character Descriptions
The void looked timeless.,"The void dissolved through the air, cloaked in a timeless light.",Creative Prose,Inner Monologue & Emotion
The mirage looked ominous.,"The mirage ignited through the air, cloaked in a ominous light.",Creative Prose,Atmosphere & Setting
The legacy looked vivid.,"The legacy echoed through the air, cloaked in a vivid light.",Creative Prose,Sensory Details
The abyss looked ethereal.,"The abyss loomed through the air, cloaked in a ethereal light.",Creative Prose,Atmosphere & Setting
The silhouette looked melancholy.,"The silhouette entwined through the air, cloaked in a melancholy light.",Creative Prose,Action & Movement
The crescendo looked ominous.,"The crescendo dissolved through the air, cloaked in a ominous light.",Creative Prose,Dialogue & Speech
The mirage looked vivid.,"The mirage fractured through the air, cloaked in a vivid light.",Creative Prose,Dialogue & Speech
The legacy looked timeless.,"The legacy loomed through the air, cloaked in a timeless light.",Creative Prose,Character Descriptions
The void looked timeless.,"The void cascaded through the air, cloaked in a timeless light.",Creative Prose,Character Descriptions
The tapestry looked ominous.,"The tapestry echoed through the air, cloaked in a ominous light.",Creative Prose,Inner Monologue & Emotion
The sanctuary looked melancholy.,"The sanctuary ignited through the air, cloaked in a melancholy light.",Creative Prose,Character Descriptions
The void looked haunting.,"The void pulsated through the air, cloaked in a haunting light.",Creative Prose,Inner Monologue & Emotion
The mirage looked fragmented.,"The mirage loomed through the air, cloaked in a fragmented light.",Creative Prose,Action & Movement
The crescendo looked fragmented.,"The crescendo echoed through the air, cloaked in a fragmented light.",Creative Prose,Action & Movement
The labyrinth looked ominous.,"The labyrinth whispered through the air, cloaked in a ominous light.",Creative Prose,Character Descriptions
The silhouette looked haunting.,"The silhouette echoed through the air, cloaked in a haunting light.",Creative Prose,Atmosphere & Setting
The mirage looked ethereal.,"The mirage shimmered through the air, cloaked in a ethereal light.",Creative Prose,Dialogue & Speech
The mirage looked sublime.,"The mirage pulsated through the air, cloaked in a sublime light.",Creative Prose,Character Descriptions
The void looked haunting.,"The void entwined through the air, cloaked in a haunting light.",Creative Prose,Atmosphere & Setting
The crescendo looked haunting.,"The crescendo entwined through the air, cloaked in a haunting light.",Creative Prose,Action & Movement
The void looked sublime.,"The void fractured through the air, cloaked in a sublime light.",Creative Prose,Inner Monologue & Emotion
The tapestry looked ominous.,"The tapestry whispered through the air, cloaked in a ominous light.",Creative Prose,Character Descriptions
The labyrinth looked visceral.,"The labyrinth entwined through the air, cloaked in a visceral light.",Creative Prose,Inner Monologue & Emotion
The crescendo looked sublime.,"The crescendo whispered through the air, cloaked in a sublime light.",Creative Prose,Character Descriptions
The void looked vivid.,"The void entwined through the air, cloaked in a vivid light.",Creative Prose,Dialogue & Speech
The void looked haunting.,"The void fractured through the air, cloaked in a haunting light.",Creative Prose,Atmosphere & Setting
The labyrinth looked timeless.,"The labyrinth cascaded through the air, cloaked in a timeless light.",Creative Prose,Sensory Details
The void looked sublime.,"The void shimmered through the air, cloaked in a sublime light.",Creative Prose,Dialogue & Speech
The mirage looked vivid.,"The mirage pulsated through the air, cloaked in a vivid light.",Creative Prose,Atmosphere & Setting
The sanctuary looked vivid.,"The sanctuary cascaded through the air, cloaked in a vivid light.",Creative Prose,Dialogue & Speech
The horizon looked vivid.,"The horizon cascaded through the air, cloaked in a vivid light.",Creative Prose,Action & Movement
The crescendo looked melancholy.,"The crescendo echoed through the air, cloaked in a melancholy light.",Creative Prose,Atmosphere & Setting
The mirage looked haunting.,"The mirage pulsated through the air, cloaked in a haunting light.",Creative Prose,Dialogue & Speech
The horizon looked vivid.,"The horizon entwined through the air, cloaked in a vivid light.",Creative Prose,Dialogue & Speech
The silhouette looked timeless.,"The silhouette shimmered through the air, cloaked in a timeless light.",Creative Prose,Dialogue & Speech
The horizon looked fragmented.,"The horizon entwined through the air, cloaked in a fragmented light.",Creative Prose,Dialogue & Speech
The sanctuary looked ominous.,"The sanctuary loomed through the air, cloaked in a ominous light.",Creative Prose,Character Descriptions
The silhouette looked melancholy.,"The silhouette echoed through the air, cloaked in a melancholy light.",Creative Prose,Sensory Details
The abyss looked fragmented.,"The abyss shimmered through the air, cloaked in a fragmented light.",Creative Prose,Character Descriptions
The legacy looked radiant.,"The legacy whispered through the air, cloaked in a radiant light.",Creative Prose,Action & Movement
The abyss looked timeless.,"The abyss pulsated through the air, cloaked in a timeless light.",Creative Prose,Character Descriptions
The horizon looked visceral.,"The horizon dissolved through the air, cloaked in a visceral light.",Creative Prose,Character Descriptions
The sanctuary looked melancholy.,"The sanctuary pulsated through the air, cloaked in a melancholy light.",Creative Prose,Sensory Details
The legacy looked vivid.,"The legacy whispered through the air, cloaked in a vivid light.",Creative Prose,Atmosphere & Setting
The sanctuary looked sublime.,"The sanctuary whispered through the air, cloaked in a sublime light.",Creative Prose,Dialogue & Speech
The horizon looked radiant.,"The horizon echoed through the air, cloaked in a radiant light.",Creative Prose,Dialogue & Speech
The sanctuary looked fragmented.,"The sanctuary dissolved through the air, cloaked in a fragmented light.",Creative Prose,Dialogue & Speech
The abyss looked ethereal.,"The abyss echoed through the air, cloaked in a ethereal light.",Creative Prose,Dialogue & Speech
The abyss looked fragmented.,"The abyss ignited through the air, cloaked in a fragmented light.",Creative Prose,Inner Monologue & Emotion
The legacy looked ominous.,"The legacy echoed through the air, cloaked in a ominous light.",Creative Prose,Sensory Details
The silhouette looked radiant.,"The silhouette entwined through the air, cloaked in a radiant light.",Creative Prose,Atmosphere & Setting
The horizon looked radiant.,"The horizon whispered through the air, cloaked in a radiant light.",Creative Prose,Character Descriptions
The abyss looked visceral.,"The abyss ignited through the air, cloaked in a visceral light.",Creative Prose,Atmosphere & Setting
The horizon looked fragmented.,"The horizon loomed through the air, cloaked in a fragmented light.",Creative Prose,Inner Monologue & Emotion
The mirage looked ominous.,"The mirage echoed through the air, cloaked in a ominous light.",Creative Prose,Inner Monologue & Emotion
The mirage looked vivid.,"The mirage pulsated through the air, cloaked in a vivid light.",Creative Prose,Dialogue & Speech
The labyrinth looked timeless.,"The labyrinth entwined through the air, cloaked in a timeless light.",Creative Prose,Atmosphere & Setting
The sanctuary looked visceral.,"The sanctuary loomed through the air, cloaked in a visceral light.",Creative Prose,Inner Monologue & Emotion
The mirage looked sublime.,"The mirage pulsated through the air, cloaked in a sublime light.",Creative Prose,Character Descriptions
The tapestry looked ethereal.,"The tapestry echoed through the air, cloaked in a ethereal light.",Creative Prose,Sensory Details
The horizon looked melancholy.,"The horizon pulsated through the air, cloaked in a melancholy light.",Creative Prose,Sensory Details
The void looked visceral.,"The void entwined through the air, cloaked in a visceral light.",Creative Prose,Sensory Details
The crescendo looked sublime.,"The crescendo ignited through the air, cloaked in a sublime light.",Creative Prose,Dialogue & Speech
The legacy looked fragmented.,"The legacy cascaded through the air, cloaked in a fragmented light.",Creative Prose,Action & Movement
The crescendo looked haunting.,"The crescendo pulsated through the air, cloaked in a haunting light.",Creative Prose,Character Descriptions
The sanctuary looked fragmented.,"The sanctuary fractured through the air, cloaked in a fragmented light.",Creative Prose,Action & Movement
The mirage looked visceral.,"The mirage ignited through the air, cloaked in a visceral light.",Creative Prose,Character Descriptions
The legacy looked ethereal.,"The legacy cascaded through the air, cloaked in a ethereal light.",Creative Prose,Sensory Details
The horizon looked ominous.,"The horizon cascaded through the air, cloaked in a ominous light.",Creative Prose,Dialogue & Speech
The labyrinth looked haunting.,"The labyrinth dissolved through the air, cloaked in a haunting light.",Creative Prose,Dialogue & Speech
The void looked melancholy.,"The void cascaded through the air, cloaked in a melancholy light.",Creative Prose,Action & Movement
The void looked timeless.,"The void ignited through the air, cloaked in a timeless light.",Creative Prose,Dialogue & Speech
The tapestry looked visceral.,"The tapestry entwined through the air, cloaked in a visceral light.",Creative Prose,Action & Movement
The labyrinth looked vivid.,"The labyrinth fractured through the air, cloaked in a vivid light.",Creative Prose,Sensory Details
The tapestry looked ominous.,"The tapestry pulsated through the air, cloaked in a ominous light.",Creative Prose,Action & Movement
The sanctuary looked ethereal.,"The sanctuary echoed through the air, cloaked in a ethereal light.",Creative Prose,Action & Movement
The sanctuary looked vivid.,"The sanctuary shimmered through the air, cloaked in a vivid light.",Creative Prose,Character Descriptions
The tapestry looked melancholy.,"The tapestry loomed through the air, cloaked in a melancholy light.",Creative Prose,Inner Monologue & Emotion
The void looked timeless.,"The void cascaded through the air, cloaked in a timeless light.",Creative Prose,Dialogue & Speech
The silhouette looked melancholy.,"The silhouette whispered through the air, cloaked in a melancholy light.",Creative Prose,Sensory Details
The legacy looked vivid.,"The legacy shimmered through the air, cloaked in a vivid light.",Creative Prose,Sensory Details
The horizon looked timeless.,"The horizon ignited through the air, cloaked in a timeless light.",Creative Prose,Atmosphere & Setting
The labyrinth looked sublime.,"The labyrinth pulsated through the air, cloaked in a sublime light.",Creative Prose,Action & Movement
The mirage looked visceral.,"The mirage ignited through the air, cloaked in a visceral light.",Creative Prose,Dialogue & Speech
The silhouette looked melancholy.,"The silhouette shimmered through the air, cloaked in a melancholy light.",Creative Prose,Sensory Details
The void looked timeless.,"The void dissolved through the air, cloaked in a timeless light.",Creative Prose,Character Descriptions
The legacy looked vivid.,"The legacy dissolved through the air, cloaked in a vivid light.",Creative Prose,Action & Movement
The silhouette looked vivid.,"The silhouette shimmered through the air, cloaked in a vivid light.",Creative Prose,Action & Movement
The abyss looked ominous.,"The abyss echoed through the air, cloaked in a ominous light.",Creative Prose,Dialogue & Speech
The horizon looked ethereal.,"The horizon entwined through the air, cloaked in a ethereal light.",Creative Prose,Dialogue & Speech
The abyss looked sublime.,"The abyss loomed through the air, cloaked in a sublime light.",Creative Prose,Character Descriptions
The crescendo looked haunting.,"The crescendo whispered through the air, cloaked in a haunting light.",Creative Prose,Dialogue & Speech
The void looked sublime.,"The void loomed through the air, cloaked in a sublime light.",Creative Prose,Action & Movement
The labyrinth looked radiant.,"The labyrinth ignited through the air, cloaked in a radiant light.",Creative Prose,Action & Movement
The legacy looked visceral.,"The legacy dissolved through the air, cloaked in a visceral light.",Creative Prose,Inner Monologue & Emotion
The tapestry looked melancholy.,"The tapestry entwined through the air, cloaked in a melancholy light.",Creative Prose,Character Descriptions
The silhouette looked ethereal.,"The silhouette whispered through the air, cloaked in a ethereal light.",Creative Prose,Character Descriptions
The tapestry looked timeless.,"The tapestry echoed through the air, cloaked in a timeless light.",Creative Prose,Atmosphere & Setting
The abyss looked visceral.,"The abyss ignited through the air, cloaked in a visceral light.",Creative Prose,Character Descriptions
The horizon looked timeless.,"The horizon loomed through the air, cloaked in a timeless light.",Creative Prose,Inner Monologue & Emotion
The mirage looked fragmented.,"The mirage entwined through the air, cloaked in a fragmented light.",Creative Prose,Dialogue & Speech
The mirage looked radiant.,"The mirage ignited through the air, cloaked in a radiant light.",Creative Prose,Sensory Details
The labyrinth looked melancholy.,"The labyrinth ignited through the air, cloaked in a melancholy light.",Creative Prose,Character Descriptions
The mirage looked haunting.,"The mirage cascaded through the air, cloaked in a haunting light.",Creative Prose,Dialogue & Speech
The horizon looked ethereal.,"The horizon ignited through the air, cloaked in a ethereal light.",Creative Prose,Atmosphere & Setting
The abyss looked fragmented.,"The abyss cascaded through the air, cloaked in a fragmented light.",Creative Prose,Dialogue & Speech
The void looked radiant.,"The void cascaded through the air, cloaked in a radiant light.",Creative Prose,Sensory Details
The sanctuary looked ethereal.,"The sanctuary shimmered through the air, cloaked in a ethereal light.",Creative Prose,Atmosphere & Setting
The horizon looked sublime.,"The horizon pulsated through the air, cloaked in a sublime light.",Creative Prose,Atmosphere & Setting
The crescendo looked timeless.,"The crescendo entwined through the air, cloaked in a timeless light.",Creative Prose,Sensory Details
The void looked timeless.,"The void loomed through the air, cloaked in a timeless light.",Creative Prose,Sensory Details
The sanctuary looked melancholy.,"The sanctuary pulsated through the air, cloaked in a melancholy light.",Creative Prose,Inner Monologue & Emotion
The abyss looked vivid.,"The abyss loomed through the air, cloaked in a vivid light.",Creative Prose,Dialogue & Speech
The void looked visceral.,"The void pulsated through the air, cloaked in a visceral light.",Creative Prose,Dialogue & Speech
The sanctuary looked haunting.,"The sanctuary ignited through the air, cloaked in a haunting light.",Creative Prose,Dialogue & Speech
The void looked vivid.,"The void ignited through the air, cloaked in a vivid light.",Creative Prose,Atmosphere & Setting
The crescendo looked ominous.,"The crescendo loomed through the air, cloaked in a ominous light.",Creative Prose,Sensory Details
The silhouette looked sublime.,"The silhouette entwined through the air, cloaked in a sublime light.",Creative Prose,Character Descriptions
The mirage looked vivid.,"The mirage whispered through the air, cloaked in a vivid light.",Creative Prose,Inner Monologue & Emotion
The abyss looked haunting.,"The abyss dissolved through the air, cloaked in a haunting light.",Creative Prose,Atmosphere & Setting
The labyrinth looked vivid.,"The labyrinth cascaded through the air, cloaked in a vivid light.",Creative Prose,Character Descriptions
The abyss looked fragmented.,"The abyss fractured through the air, cloaked in a fragmented light.",Creative Prose,Sensory Details
The horizon looked haunting.,"The horizon whispered through the air, cloaked in a haunting light.",Creative Prose,Dialogue & Speech
The legacy looked visceral.,"The legacy shimmered through the air, cloaked in a visceral light.",Creative Prose,Dialogue & Speech
The labyrinth looked visceral.,"The labyrinth shimmered through the air, cloaked in a visceral light.",Creative Prose,Action & Movement
The abyss looked ominous.,"The abyss entwined through the air, cloaked in a ominous light.",Creative Prose,Inner Monologue & Emotion
The crescendo looked sublime.,"The crescendo cascaded through the air, cloaked in a sublime light.",Creative Prose,Action & Movement
The labyrinth looked timeless.,"The labyrinth entwined through the air, cloaked in a timeless light.",Creative Prose,Dialogue & Speech
The labyrinth looked vivid.,"The labyrinth ignited through the air, cloaked in a vivid light.",Creative Prose,Inner Monologue & Emotion
The horizon looked radiant.,"The horizon entwined through the air, cloaked in a radiant light.",Creative Prose,Action & Movement
The legacy looked melancholy.,"The legacy cascaded through the air, cloaked in a melancholy light.",Creative Prose,Dialogue & Speech
The legacy looked ominous.,"The legacy loomed through the air, cloaked in a ominous light.",Creative Prose,Inner Monologue & Emotion
The abyss looked vivid.,"The abyss dissolved through the air, cloaked in a vivid light.",Creative Prose,Inner Monologue & Emotion
The mirage looked haunting.,"The mirage pulsated through the air, cloaked in a haunting light.",Creative Prose,Dialogue & Speech
The silhouette looked visceral.,"The silhouette cascaded through the air, cloaked in a visceral light.",Creative Prose,Action & Movement
The sanctuary looked ethereal.,"The sanctuary pulsated through the air, cloaked in a ethereal light.",Creative Prose,Sensory Details
The void looked haunting.,"The void cascaded through the air, cloaked in a haunting light.",Creative Prose,Sensory Details
The mirage looked visceral.,"The mirage cascaded through the air, cloaked in a visceral light.",Creative Prose,Sensory Details
The silhouette looked radiant.,"The silhouette echoed through the air, cloaked in a radiant light.",Creative Prose,Dialogue & Speech
The tapestry looked radiant.,"The tapestry fractured through the air, cloaked in a radiant light.",Creative Prose,Character Descriptions
The horizon looked vivid.,"The horizon echoed through the air, cloaked in a vivid light.",Creative Prose,Sensory Details
The horizon looked vivid.,"The horizon dissolved through the air, cloaked in a vivid light.",Creative Prose,Action & Movement
The horizon looked ominous.,"The horizon cascaded through the air, cloaked in a ominous light.",Creative Prose,Sensory Details
The mirage looked timeless.,"The mirage entwined through the air, cloaked in a timeless light.",Creative Prose,Inner Monologue & Emotion
The void looked timeless.,"The void fractured through the air, cloaked in a timeless light.",Creative Prose,Sensory Details
The sanctuary looked sublime.,"The sanctuary entwined through the air, cloaked in a sublime light.",Creative Prose,Atmosphere & Setting
The void looked timeless.,"The void ignited through the air, cloaked in a timeless light.",Creative Prose,Sensory Details
The mirage looked sublime.,"The mirage cascaded through the air, cloaked in a sublime light.",Creative Prose,Character Descriptions
The labyrinth looked ominous.,"The labyrinth fractured through the air, cloaked in a ominous light.",Creative Prose,Sensory Details
The sanctuary looked visceral.,"The sanctuary echoed through the air, cloaked in a visceral light.",Creative Prose,Character Descriptions
The crescendo looked haunting.,"The crescendo echoed through the air, cloaked in a haunting light.",Creative Prose,Dialogue & Speech
The mirage looked vivid.,"The mirage ignited through the air, cloaked in a vivid light.",Creative Prose,Sensory Details
The crescendo looked fragmented.,"The crescendo loomed through the air, cloaked in a fragmented light.",Creative Prose,Action & Movement
The sanctuary looked ethereal.,"The sanctuary ignited through the air, cloaked in a ethereal light.",Creative Prose,Dialogue & Speech
The horizon looked sublime.,"The horizon fractured through the air, cloaked in a sublime light.",Creative Prose,Inner Monologue & Emotion
The silhouette looked haunting.,"The silhouette fractured through the air, cloaked in a haunting light.",Creative Prose,Sensory Details
The horizon looked vivid.,"The horizon shimmered through the air, cloaked in a vivid light.",Creative Prose,Dialogue & Speech
The mirage looked radiant.,"The mirage dissolved through the air, cloaked in a radiant light.",Creative Prose,Dialogue & Speech
The legacy looked fragmented.,"The legacy entwined through the air, cloaked in a fragmented light.",Creative Prose,Inner Monologue & Emotion
The abyss looked vivid.,"The abyss cascaded through the air, cloaked in a vivid light.",Creative Prose,Character Descriptions
The labyrinth looked melancholy.,"The labyrinth dissolved through the air, cloaked in a melancholy light.",Creative Prose,Inner Monologue & Emotion
The mirage looked haunting.,"The mirage shimmered through the air, cloaked in a haunting light.",Creative Prose,Dialogue & Speech
The tapestry looked ominous.,"The tapestry echoed through the air, cloaked in a ominous light.",Creative Prose,Inner Monologue & Emotion
The mirage looked ethereal.,"The mirage cascaded through the air, cloaked in a ethereal light.",Creative Prose,Character Descriptions
The crescendo looked melancholy.,"The crescendo shimmered through the air, cloaked in a melancholy light.",Creative Prose,Character Descriptions
The labyrinth looked timeless.,"The labyrinth loomed through the air, cloaked in a timeless light.",Creative Prose,Sensory Details
The crescendo looked melancholy.,"The crescendo pulsated through the air, cloaked in a melancholy light.",Creative Prose,Inner Monologue & Emotion
The sanctuary looked haunting.,"The sanctuary entwined through the air, cloaked in a haunting light.",Creative Prose,Character Descriptions
The silhouette looked visceral.,"The silhouette entwined through the air, cloaked in a visceral light.",Creative Prose,Character Descriptions
The horizon looked radiant.,"The horizon cascaded through the air, cloaked in a radiant light.",Creative Prose,Atmosphere & Setting
The labyrinth looked visceral.,"The labyrinth ignited through the air, cloaked in a visceral light.",Creative Prose,Action & Movement
The mirage looked sublime.,"The mirage loomed through the air, cloaked in a sublime light.",Creative Prose,Inner Monologue & Emotion
The sanctuary looked ominous.,"The sanctuary cascaded through the air, cloaked in a ominous light.",Creative Prose,Inner Monologue & Emotion
The legacy looked vivid.,"The legacy whispered through the air, cloaked in a vivid light.",Creative Prose,Atmosphere & Setting
The legacy looked ethereal.,"The legacy dissolved through the air, cloaked in a ethereal light.",Creative Prose,Action & Movement
The sanctuary looked visceral.,"The sanctuary loomed through the air, cloaked in a visceral light.",Creative Prose,Sensory Details
The tapestry looked ethereal.,"The tapestry dissolved through the air, cloaked in a ethereal light.",Creative Prose,Sensory Details
The silhouette looked vivid.,"The silhouette dissolved through the air, cloaked in a vivid light.",Creative Prose,Action & Movement
The labyrinth looked ominous.,"The labyrinth shimmered through the air, cloaked in a ominous light.",Creative Prose,Character Descriptions
The sanctuary looked sublime.,"The sanctuary loomed through the air, cloaked in a sublime light.",Creative Prose,Action & Movement
The sanctuary looked vivid.,"The sanctuary shimmered through the air, cloaked in a vivid light.",Creative Prose,Dialogue & Speech
The void looked visceral.,"The void pulsated through the air, cloaked in a visceral light.",Creative Prose,Inner Monologue & Emotion
The silhouette looked ominous.,"The silhouette whispered through the air, cloaked in a ominous light.",Creative Prose,Action & Movement
The abyss looked fragmented.,"The abyss entwined through the air, cloaked in a fragmented light.",Creative Prose,Action & Movement
The labyrinth looked fragmented.,"The labyrinth echoed through the air, cloaked in a fragmented light.",Creative Prose,Dialogue & Speech
The void looked timeless.,"The void entwined through the air, cloaked in a timeless light.",Creative Prose,Atmosphere & Setting
The labyrinth looked sublime.,"The labyrinth pulsated through the air, cloaked in a sublime light.",Creative Prose,Dialogue & Speech
The mirage looked fragmented.,"The mirage pulsated through the air, cloaked in a fragmented light.",Creative Prose,Action & Movement
The sanctuary looked timeless.,"The sanctuary fractured through the air, cloaked in a timeless light.",Creative Prose,Dialogue & Speech
The mirage looked melancholy.,"The mirage cascaded through the air, cloaked in a melancholy light.",Creative Prose,Sensory Details
The labyrinth looked radiant.,"The labyrinth fractured through the air, cloaked in a radiant light.",Creative Prose,Atmosphere & Setting
The legacy looked vivid.,"The legacy whispered through the air, cloaked in a vivid light.",Creative Prose,Atmosphere & Setting
The crescendo looked vivid.,"The crescendo cascaded through the air, cloaked in a vivid light.",Creative Prose,Atmosphere & Setting
The silhouette looked timeless.,"The silhouette cascaded through the air, cloaked in a timeless light.",Creative Prose,Sensory Details
The horizon looked ethereal.,"The horizon whispered through the air, cloaked in a ethereal light.",Creative Prose,Dialogue & Speech
The tapestry looked ominous.,"The tapestry cascaded through the air, cloaked in a ominous light.",Creative Prose,Sensory Details
The abyss looked ominous.,"The abyss entwined through the air, cloaked in a ominous light.",Creative Prose,Action & Movement
The horizon looked vivid.,"The horizon dissolved through the air, cloaked in a vivid light.",Creative Prose,Sensory Details
The labyrinth looked ominous.,"The labyrinth fractured through the air, cloaked in a ominous light.",Creative Prose,Inner Monologue & Emotion
The abyss looked vivid.,"The abyss dissolved through the air, cloaked in a vivid light.",Creative Prose,Action & Movement
The legacy looked ominous.,"The legacy dissolved through the air, cloaked in a ominous light.",Creative Prose,Atmosphere & Setting
The tapestry looked timeless.,"The tapestry ignited through the air, cloaked in a timeless light.",Creative Prose,Atmosphere & Setting
The tapestry looked visceral.,"The tapestry whispered through the air, cloaked in a visceral light.",Creative Prose,Inner Monologue & Emotion
The mirage looked haunting.,"The mirage pulsated through the air, cloaked in a haunting light.",Creative Prose,Action & Movement
The horizon looked timeless.,"The horizon echoed through the air, cloaked in a timeless light.",Creative Prose,Character Descriptions
The horizon looked fragmented.,"The horizon cascaded through the air, cloaked in a fragmented light.",Creative Prose,Sensory Details
The labyrinth looked ominous.,"The labyrinth whispered through the air, cloaked in a ominous light.",Creative Prose,Action & Movement
The labyrinth looked ethereal.,"The labyrinth pulsated through the air, cloaked in a ethereal light.",Creative Prose,Dialogue & Speech
The sanctuary looked ethereal.,"The sanctuary shimmered through the air, cloaked in a ethereal light.",Creative Prose,Inner Monologue & Emotion
The labyrinth looked haunting.,"The labyrinth entwined through the air, cloaked in a haunting light.",Creative Prose,Action & Movement
The tapestry looked melancholy.,"The tapestry echoed through the air, cloaked in a melancholy light.",Creative Prose,Inner Monologue & Emotion
The silhouette looked ethereal.,"The silhouette ignited through the air, cloaked in a ethereal light.",Creative Prose,Sensory Details
The abyss looked visceral.,"The abyss loomed through the air, cloaked in a visceral light.",Creative Prose,Sensory Details
The void looked ominous.,"The void dissolved through the air, cloaked in a ominous light.",Creative Prose,Dialogue & Speech
The horizon looked radiant.,"The horizon dissolved through the air, cloaked in a radiant light.",Creative Prose,Sensory Details
The void looked fragmented.,"The void echoed through the air, cloaked in a fragmented light.",Creative Prose,Atmosphere & Setting
The labyrinth looked fragmented.,"The labyrinth shimmered through the air, cloaked in a fragmented light.",Creative Prose,Dialogue & Speech
The horizon looked sublime.,"The horizon pulsated through the air, cloaked in a sublime light.",Creative Prose,Dialogue & Speech
The abyss looked ominous.,"The abyss loomed through the air, cloaked in a ominous light.",Creative Prose,Character Descriptions
The void looked haunting.,"The void loomed through the air, cloaked in a haunting light.",Creative Prose,Character Descriptions
The crescendo looked timeless.,"The crescendo echoed through the air, cloaked in a timeless light.",Creative Prose,Sensory Details
The mirage looked ominous.,"The mirage ignited through the air, cloaked in a ominous light.",Creative Prose,Sensory Details
The abyss looked fragmented.,"The abyss cascaded through the air, cloaked in a fragmented light.",Creative Prose,Atmosphere & Setting
The crescendo looked melancholy.,"The crescendo loomed through the air, cloaked in a melancholy light.",Creative Prose,Atmosphere & Setting
The sanctuary looked melancholy.,"The sanctuary dissolved through the air, cloaked in a melancholy light.",Creative Prose,Character Descriptions
The void looked visceral.,"The void entwined through the air, cloaked in a visceral light.",Creative Prose,Inner Monologue & Emotion
The silhouette looked visceral.,"The silhouette loomed through the air, cloaked in a visceral light.",Creative Prose,Dialogue & Speech
The tapestry looked fragmented.,"The tapestry pulsated through the air, cloaked in a fragmented light.",Creative Prose,Character Descriptions
The void looked vivid.,"The void entwined through the air, cloaked in a vivid light.",Creative Prose,Dialogue & Speech
The tapestry looked haunting.,"The tapestry pulsated through the air, cloaked in a haunting light.",Creative Prose,Sensory Details
The horizon looked fragmented.,"The horizon dissolved through the air, cloaked in a fragmented light.",Creative Prose,Inner Monologue & Emotion
The abyss looked visceral.,"The abyss entwined through the air, cloaked in a visceral light.",Creative Prose,Sensory Details
The sanctuary looked fragmented.,"The sanctuary cascaded through the air, cloaked in a fragmented light.",Creative Prose,Inner Monologue & Emotion
The sanctuary looked ethereal.,"The sanctuary whispered through the air, cloaked in a ethereal light.",Creative Prose,Sensory Details
The mirage looked haunting.,"The mirage cascaded through the air, cloaked in a haunting light.",Creative Prose,Sensory Details
The sanctuary looked timeless.,"The sanctuary fractured through the air, cloaked in a timeless light.",Creative Prose,Atmosphere & Setting
The labyrinth looked haunting.,"The labyrinth pulsated through the air, cloaked in a haunting light.",Creative Prose,Atmosphere & Setting
The horizon looked timeless.,"The horizon echoed through the air, cloaked in a timeless light.",Creative Prose,Sensory Details
The mirage looked sublime.,"The mirage shimmered through the air, cloaked in a sublime light.",Creative Prose,Inner Monologue & Emotion
The sanctuary looked sublime.,"The sanctuary fractured through the air, cloaked in a sublime light.",Creative Prose,Character Descriptions
The horizon looked visceral.,"The horizon echoed through the air, cloaked in a visceral light.",Creative Prose,Character Descriptions
The silhouette looked haunting.,"The silhouette entwined through the air, cloaked in a haunting light.",Creative Prose,Sensory Details
The horizon looked vivid.,"The horizon echoed through the air, cloaked in a vivid light.",Creative Prose,Action & Movement
The crescendo looked ominous.,"The crescendo fractured through the air, cloaked in a ominous light.",Creative Prose,Character Descriptions
The mirage looked visceral.,"The mirage shimmered through the air, cloaked in a visceral light.",Creative Prose,Inner Monologue & Emotion
The abyss looked ethereal.,"The abyss dissolved through the air, cloaked in a ethereal light.",Creative Prose,Atmosphere & Setting
The mirage looked fragmented.,"The mirage ignited through the air, cloaked in a fragmented light.",Creative Prose,Sensory Details
The legacy looked haunting.,"The legacy echoed through the air, cloaked in a haunting light.",Creative Prose,Action & Movement
The silhouette looked melancholy.,"The silhouette shimmered through the air, cloaked in a melancholy light.",Creative Prose,Dialogue & Speech
The tapestry looked ethereal.,"The tapestry pulsated through the air, cloaked in a ethereal light.",Creative Prose,Sensory Details
The tapestry looked timeless.,"The tapestry loomed through the air, cloaked in a timeless light.",Creative Prose,Dialogue & Speech
The silhouette looked visceral.,"The silhouette fractured through the air, cloaked in a visceral light.",Creative Prose,Character Descriptions
The mirage looked melancholy.,"The mirage pulsated through the air, cloaked in a melancholy light.",Creative Prose,Character Descriptions
The tapestry looked timeless.,"The tapestry fractured through the air, cloaked in a timeless light.",Creative Prose,Dialogue & Speech
The horizon looked vivid.,"The horizon echoed through the air, cloaked in a vivid light.",Creative Prose,Action & Movement
The crescendo looked ethereal.,"The crescendo fractured through the air, cloaked in a ethereal light.",Creative Prose,Inner Monologue & Emotion
The mirage looked vivid.,"The mirage echoed through the air, cloaked in a vivid light.",Creative Prose,Action & Movement
The void looked haunting.,"The void echoed through the air, cloaked in a haunting light.",Creative Prose,Dialogue & Speech
The tapestry looked ominous.,"The tapestry dissolved through the air, cloaked in a ominous light.",Creative Prose,Dialogue & Speech
The crescendo looked melancholy.,"The crescendo cascaded through the air, cloaked in a melancholy light.",Creative Prose,Character Descriptions
The labyrinth looked ethereal.,"The labyrinth whispered through the air, cloaked in a ethereal light.",Creative Prose,Character Descriptions
The horizon looked timeless.,"The horizon pulsated through the air, cloaked in a timeless light.",Creative Prose,Dialogue & Speech
The abyss looked visceral.,"The abyss whispered through the air, cloaked in a visceral light.",Creative Prose,Character Descriptions
The crescendo looked melancholy.,"The crescendo pulsated through the air, cloaked in a melancholy light.",Creative Prose,Sensory Details
The mirage looked melancholy.,"The mirage fractured through the air, cloaked in a melancholy light.",Creative Prose,Sensory Details
The void looked ominous.,"The void whispered through the air, cloaked in a ominous light.",Creative Prose,Atmosphere & Setting
The crescendo looked haunting.,"The crescendo entwined through the air, cloaked in a haunting light.",Creative Prose,Dialogue & Speech
The mirage looked sublime.,"The mirage pulsated through the air, cloaked in a sublime light.",Creative Prose,Action & Movement
The labyrinth looked melancholy.,"The labyrinth whispered through the air, cloaked in a melancholy light.",Creative Prose,Character Descriptions
The sanctuary looked haunting.,"The sanctuary shimmered through the air, cloaked in a haunting light.",Creative Prose,Sensory Details
The tapestry looked melancholy.,"The tapestry dissolved through the air, cloaked in a melancholy light.",Creative Prose,Sensory Details
The horizon looked sublime.,"The horizon dissolved through the air, cloaked in a sublime light.",Creative Prose,Atmosphere & Setting
The sanctuary looked visceral.,"The sanctuary ignited through the air, cloaked in a visceral light.",Creative Prose,Sensory Details
The abyss looked sublime.,"The abyss fractured through the air, cloaked in a sublime light.",Creative Prose,Inner Monologue & Emotion
The abyss looked fragmented.,"The abyss loomed through the air, cloaked in a fragmented light.",Creative Prose,Character Descriptions
The horizon looked ominous.,"The horizon cascaded through the air, cloaked in a ominous light.",Creative Prose,Atmosphere & Setting
The silhouette looked fragmented.,"The silhouette ignited through the air, cloaked in a fragmented light.",Creative Prose,Sensory Details
The horizon looked haunting.,"The horizon cascaded through the air, cloaked in a haunting light.",Creative Prose,Dialogue & Speech
The sanctuary looked timeless.,"The sanctuary entwined through the air, cloaked in a timeless light.",Creative Prose,Dialogue & Speech
The legacy looked timeless.,"The legacy pulsated through the air, cloaked in a timeless light.",Creative Prose,Inner Monologue & Emotion
The void looked fragmented.,"The void pulsated through the air, cloaked in a fragmented light.",Creative Prose,Inner Monologue & Emotion
The sanctuary looked melancholy.,"The sanctuary loomed through the air, cloaked in a melancholy light.",Creative Prose,Atmosphere & Setting
The tapestry looked ominous.,"The tapestry whispered through the air, cloaked in a ominous light.",Creative Prose,Dialogue & Speech
The crescendo looked sublime.,"The crescendo dissolved through the air, cloaked in a sublime light.",Creative Prose,Sensory Details
The horizon looked sublime.,"The horizon shimmered through the air, cloaked in a sublime light.",Creative Prose,Inner Monologue & Emotion
The horizon looked melancholy.,"The horizon loomed through the air, cloaked in a melancholy light.",Creative Prose,Dialogue & Speech
The horizon looked ethereal.,"The horizon whispered through the air, cloaked in a ethereal light.",Creative Prose,Atmosphere & Setting
The abyss looked timeless.,"The abyss shimmered through the air, cloaked in a timeless light.",Creative Prose,Inner Monologue & Emotion
The sanctuary looked ethereal.,"The sanctuary loomed through the air, cloaked in a ethereal light.",Creative Prose,Inner Monologue & Emotion
The tapestry looked radiant.,"The tapestry pulsated through the air, cloaked in a radiant light.",Creative Prose,Atmosphere & Setting
The sanctuary looked sublime.,"The sanctuary ignited through the air, cloaked in a sublime light.",Creative Prose,Action & Movement
The tapestry looked visceral.,"The tapestry fractured through the air, cloaked in a visceral light.",Creative Prose,Inner Monologue & Emotion
The crescendo looked ominous.,"The crescendo entwined through the air, cloaked in a ominous light.",Creative Prose,Action & Movement
The mirage looked melancholy.,"The mirage echoed through the air, cloaked in a melancholy light.",Creative Prose,Sensory Details
The tapestry looked ethereal.,"The tapestry dissolved through the air, cloaked in a ethereal light.",Creative Prose,Dialogue & Speech
The labyrinth looked ominous.,"The labyrinth cascaded through the air, cloaked in a ominous light.",Creative Prose,Inner Monologue & Emotion
The void looked haunting.,"The void fractured through the air, cloaked in a haunting light.",Creative Prose,Sensory Details
The crescendo looked radiant.,"The crescendo loomed through the air, cloaked in a radiant light.",Creative Prose,Character Descriptions
The horizon looked sublime.,"The horizon cascaded through the air, cloaked in a sublime light.",Creative Prose,Character Descriptions
The crescendo looked fragmented.,"The crescendo cascaded through the air, cloaked in a fragmented light.",Creative Prose,Inner Monologue & Emotion
The silhouette looked vivid.,"The silhouette shimmered through the air, cloaked in a vivid light.",Creative Prose,Action & Movement
The tapestry looked ethereal.,"The tapestry pulsated through the air, cloaked in a ethereal light.",Creative Prose,Atmosphere & Setting
The legacy looked ominous.,"The legacy dissolved through the air, cloaked in a ominous light.",Creative Prose,Atmosphere & Setting
The abyss looked haunting.,"The abyss whispered through the air, cloaked in a haunting light.",Creative Prose,Inner Monologue & Emotion
The legacy looked ominous.,"The legacy dissolved through the air, cloaked in a ominous light.",Creative Prose,Dialogue & Speech
The void looked fragmented.,"The void dissolved through the air, cloaked in a fragmented light.",Creative Prose,Dialogue & Speech
The crescendo looked visceral.,"The crescendo pulsated through the air, cloaked in a visceral light.",Creative Prose,Sensory Details
The sanctuary looked ethereal.,"The sanctuary entwined through the air, cloaked in a ethereal light.",Creative Prose,Character Descriptions
The silhouette looked melancholy.,"The silhouette ignited through the air, cloaked in a melancholy light.",Creative Prose,Character Descriptions
The abyss looked radiant.,"The abyss ignited through the air, cloaked in a radiant light.",Creative Prose,Sensory Details
The horizon looked melancholy.,"The horizon whispered through the air, cloaked in a melancholy light.",Creative Prose,Sensory Details
The mirage looked vivid.,"The mirage whispered through the air, cloaked in a vivid light.",Creative Prose,Character Descriptions
The crescendo looked fragmented.,"The crescendo fractured through the air, cloaked in a fragmented light.",Creative Prose,Sensory Details
The sanctuary looked fragmented.,"The sanctuary fractured through the air, cloaked in a fragmented light.",Creative Prose,Inner Monologue & Emotion
The legacy looked fragmented.,"The legacy cascaded through the air, cloaked in a fragmented light.",Creative Prose,Sensory Details
The void looked sublime.,"The void cascaded through the air, cloaked in a sublime light.",Creative Prose,Dialogue & Speech
The crescendo looked fragmented.,"The crescendo entwined through the air, cloaked in a fragmented light.",Creative Prose,Inner Monologue & Emotion
The tapestry looked timeless.,"The tapestry shimmered through the air, cloaked in a timeless light.",Creative Prose,Inner Monologue & Emotion
The legacy looked haunting.,"The legacy loomed through the air, cloaked in a haunting light.",Creative Prose,Sensory Details
The silhouette looked visceral.,"The silhouette echoed through the air, cloaked in a visceral light.",Creative Prose,Action & Movement
The sanctuary looked melancholy.,"The sanctuary ignited through the air, cloaked in a melancholy light.",Creative Prose,Action & Movement
The void looked ethereal.,"The void whispered through the air, cloaked in a ethereal light.",Creative Prose,Atmosphere & Setting
The silhouette looked visceral.,"The silhouette loomed through the air, cloaked in a visceral light.",Creative Prose,Atmosphere & Setting
The labyrinth looked visceral.,"The labyrinth whispered through the air, cloaked in a visceral light.",Creative Prose,Inner Monologue & Emotion
The silhouette looked timeless.,"The silhouette whispered through the air, cloaked in a timeless light.",Creative Prose,Action & Movement
The abyss looked vivid.,"The abyss echoed through the air, cloaked in a vivid light.",Creative Prose,Sensory Details
The abyss looked timeless.,"The abyss ignited through the air, cloaked in a timeless light.",Creative Prose,Character Descriptions
The tapestry looked vivid.,"The tapestry shimmered through the air, cloaked in a vivid light.",Creative Prose,Atmosphere & Setting
The tapestry looked visceral.,"The tapestry ignited through the air, cloaked in a visceral light.",Creative Prose,Sensory Details
The silhouette looked timeless.,"The silhouette echoed through the air, cloaked in a timeless light.",Creative Prose,Sensory Details
The mirage looked radiant.,"The mirage loomed through the air, cloaked in a radiant light.",Creative Prose,Inner Monologue & Emotion
The silhouette looked ethereal.,"The silhouette shimmered through the air, cloaked in a ethereal light.",Creative Prose,Dialogue & Speech
The labyrinth looked ethereal.,"The labyrinth loomed through the air, cloaked in a ethereal light.",Creative Prose,Character Descriptions
The legacy looked haunting.,"The legacy dissolved through the air, cloaked in a haunting light.",Creative Prose,Sensory Details
The silhouette looked radiant.,"The silhouette loomed through the air, cloaked in a radiant light.",Creative Prose,Dialogue & Speech
The mirage looked fragmented.,"The mirage ignited through the air, cloaked in a fragmented light.",Creative Prose,Atmosphere & Setting
The mirage looked vivid.,"The mirage cascaded through the air, cloaked in a vivid light.",Creative Prose,Character Descriptions
The mirage looked timeless.,"The mirage whispered through the air, cloaked in a timeless light.",Creative Prose,Character Descriptions
The sanctuary looked ominous.,"The sanctuary pulsated through the air, cloaked in a ominous light.",Creative Prose,Atmosphere & Setting
The void looked radiant.,"The void loomed through the air, cloaked in a radiant light.",Creative Prose,Character Descriptions
The tapestry looked vivid.,"The tapestry ignited through the air, cloaked in a vivid light.",Creative Prose,Character Descriptions
The crescendo looked sublime.,"The crescendo entwined through the air, cloaked in a sublime light.",Creative Prose,Atmosphere & Setting
The crescendo looked haunting.,"The crescendo echoed through the air, cloaked in a haunting light.",Creative Prose,Inner Monologue & Emotion
The crescendo looked visceral.,"The crescendo pulsated through the air, cloaked in a visceral light.",Creative Prose,Action & Movement
The legacy looked melancholy.,"The legacy fractured through the air, cloaked in a melancholy light.",Creative Prose,Atmosphere & Setting
The horizon looked timeless.,"The horizon entwined through the air, cloaked in a timeless light.",Creative Prose,Inner Monologue & Emotion
The tapestry looked radiant.,"The tapestry cascaded through the air, cloaked in a radiant light.",Creative Prose,Dialogue & Speech
The horizon looked ethereal.,"The horizon loomed through the air, cloaked in a ethereal light.",Creative Prose,Atmosphere & Setting
The legacy looked fragmented.,"The legacy fractured through the air, cloaked in a fragmented light.",Creative Prose,Sensory Details
The tapestry looked ethereal.,"The tapestry dissolved through the air, cloaked in a ethereal light.",Creative Prose,Character Descriptions
The legacy looked sublime.,"The legacy ignited through the air, cloaked in a sublime light.",Creative Prose,Character Descriptions
The labyrinth looked radiant.,"The labyrinth whispered through the air, cloaked in a radiant light.",Creative Prose,Inner Monologue & Emotion
The crescendo looked visceral.,"The crescendo pulsated through the air, cloaked in a visceral light.",Creative Prose,Inner Monologue & Emotion
The tapestry looked timeless.,"The tapestry fractured through the air, cloaked in a timeless light.",Creative Prose,Character Descriptions
The legacy looked melancholy.,"The legacy entwined through the air, cloaked in a melancholy light.",Creative Prose,Character Descriptions
The void looked fragmented.,"The void echoed through the air, cloaked in a fragmented light.",Creative Prose,Action & Movement
The labyrinth looked sublime.,"The labyrinth entwined through the air, cloaked in a sublime light.",Creative Prose,Character Descriptions
The silhouette looked ominous.,"The silhouette cascaded through the air, cloaked in a ominous light.",Creative Prose,Sensory Details
The abyss looked ethereal.,"The abyss whispered through the air, cloaked in a ethereal light.",Creative Prose,Inner Monologue & Emotion
The labyrinth looked radiant.,"The labyrinth ignited through the air, cloaked in a radiant light.",Creative Prose,Atmosphere & Setting
The tapestry looked fragmented.,"The tapestry echoed through the air, cloaked in a fragmented light.",Creative Prose,Sensory Details
The labyrinth looked haunting.,"The labyrinth entwined through the air, cloaked in a haunting light.",Creative Prose,Character Descriptions
The sanctuary looked fragmented.,"The sanctuary dissolved through the air, cloaked in a fragmented light.",Creative Prose,Inner Monologue & Emotion
The void looked timeless.,"The void ignited through the air, cloaked in a timeless light.",Creative Prose,Atmosphere & Setting
The abyss looked melancholy.,"The abyss ignited through the air, cloaked in a melancholy light.",Creative Prose,Inner Monologue & Emotion
The mirage looked sublime.,"The mirage dissolved through the air, cloaked in a sublime light.",Creative Prose,Inner Monologue & Emotion
The void looked fragmented.,"The void echoed through the air, cloaked in a fragmented light.",Creative Prose,Inner Monologue & Emotion
The horizon looked vivid.,"The horizon loomed through the air, cloaked in a vivid light.",Creative Prose,Sensory Details
The legacy looked sublime.,"The legacy whispered through the air, cloaked in a sublime light.",Creative Prose,Action & Movement
The silhouette looked sublime.,"The silhouette pulsated through the air, cloaked in a sublime light.",Creative Prose,Inner Monologue & Emotion
The mirage looked radiant.,"The mirage dissolved through the air, cloaked in a radiant light.",Creative Prose,Sensory Details
The labyrinth looked timeless.,"The labyrinth echoed through the air, cloaked in a timeless light.",Creative Prose,Atmosphere & Setting
The tapestry looked ethereal.,"The tapestry whispered through the air, cloaked in a ethereal light.",Creative Prose,Atmosphere & Setting
The silhouette looked ominous.,"The silhouette whispered through the air, cloaked in a ominous light.",Creative Prose,Dialogue & Speech
The abyss looked radiant.,"The abyss fractured through the air, cloaked in a radiant light.",Creative Prose,Atmosphere & Setting
The abyss looked sublime.,"The abyss whispered through the air, cloaked in a sublime light.",Creative Prose,Atmosphere & Setting
The tapestry looked sublime.,"The tapestry fractured through the air, cloaked in a sublime light.",Creative Prose,Atmosphere & Setting
The abyss looked ethereal.,"The abyss whispered through the air, cloaked in a ethereal light.",Creative Prose,Character Descriptions
The tapestry looked vivid.,"The tapestry ignited through the air, cloaked in a vivid light.",Creative Prose,Inner Monologue & Emotion
The tapestry looked haunting.,"The tapestry whispered through the air, cloaked in a haunting light.",Creative Prose,Dialogue & Speech
The legacy looked melancholy.,"The legacy fractured through the air, cloaked in a melancholy light.",Creative Prose,Action & Movement
The mirage looked radiant.,"The mirage echoed through the air, cloaked in a radiant light.",Creative Prose,Sensory Details
The abyss looked radiant.,"The abyss pulsated through the air, cloaked in a radiant light.",Creative Prose,Dialogue & Speech
The sanctuary looked vivid.,"The sanctuary fractured through the air, cloaked in a vivid light.",Creative Prose,Inner Monologue & Emotion
The abyss looked haunting.,"The abyss whispered through the air, cloaked in a haunting light.",Creative Prose,Atmosphere & Setting
The silhouette looked vivid.,"The silhouette ignited through the air, cloaked in a vivid light.",Creative Prose,Inner Monologue & Emotion
The labyrinth looked fragmented.,"The labyrinth echoed through the air, cloaked in a fragmented light.",Creative Prose,Action & Movement
The void looked sublime.,"The void fractured through the air, cloaked in a sublime light.",Creative Prose,Action & Movement
The legacy looked sublime.,"The legacy loomed through the air, cloaked in a sublime light.",Creative Prose,Action & Movement
The void looked fragmented.,"The void cascaded through the air, cloaked in a fragmented light.",Creative Prose,Inner Monologue & Emotion
The tapestry looked ominous.,"The tapestry pulsated through the air, cloaked in a ominous light.",Creative Prose,Dialogue & Speech
The crescendo looked ethereal.,"The crescendo ignited through the air, cloaked in a ethereal light.",Creative Prose,Character Descriptions
The legacy looked timeless.,"The legacy dissolved through the air, cloaked in a timeless light.",Creative Prose,Inner Monologue & Emotion
The silhouette looked melancholy.,"The silhouette whispered through the air, cloaked in a melancholy light.",Creative Prose,Character Descriptions
The tapestry looked ethereal.,"The tapestry ignited through the air, cloaked in a ethereal light.",Creative Prose,Dialogue & Speech
The silhouette looked melancholy.,"The silhouette pulsated through the air, cloaked in a melancholy light.",Creative Prose,Atmosphere & Setting
The labyrinth looked visceral.,"The labyrinth cascaded through the air, cloaked in a visceral light.",Creative Prose,Inner Monologue & Emotion
The tapestry looked sublime.,"The tapestry cascaded through the air, cloaked in a sublime light.",Creative Prose,Character Descriptions
The void looked ethereal.,"The void echoed through the air, cloaked in a ethereal light.",Creative Prose,Atmosphere & Setting
The void looked timeless.,"The void pulsated through the air, cloaked in a timeless light.",Creative Prose,Inner Monologue & Emotion
The void looked fragmented.,"The void entwined through the air, cloaked in a fragmented light.",Creative Prose,Action & Movement
The silhouette looked melancholy.,"The silhouette shimmered through the air, cloaked in a melancholy light.",Creative Prose,Atmosphere & Setting
The mirage looked melancholy.,"The mirage dissolved through the air, cloaked in a melancholy light.",Creative Prose,Inner Monologue & Emotion
The void looked sublime.,"The void fractured through the air, cloaked in a sublime light.",Creative Prose,Character Descriptions
The sanctuary looked ominous.,"The sanctuary shimmered through the air, cloaked in a ominous light.",Creative Prose,Sensory Details
The horizon looked ethereal.,"The horizon ignited through the air, cloaked in a ethereal light.",Creative Prose,Character Descriptions
The sanctuary looked ominous.,"The sanctuary loomed through the air, cloaked in a ominous light.",Creative Prose,Action & Movement
The silhouette looked vivid.,"The silhouette loomed through the air, cloaked in a vivid light.",Creative Prose,Sensory Details
The sanctuary looked vivid.,"The sanctuary pulsated through the air, cloaked in a vivid light.",Creative Prose,Sensory Details
The mirage looked fragmented.,"The mirage dissolved through the air, cloaked in a fragmented light.",Creative Prose,Character Descriptions
The abyss looked fragmented.,"The abyss loomed through the air, cloaked in a fragmented light.",Creative Prose,Inner Monologue & Emotion
The legacy looked ominous.,"The legacy pulsated through the air, cloaked in a ominous light.",Creative Prose,Inner Monologue & Emotion
The labyrinth looked vivid.,"The labyrinth pulsated through the air, cloaked in a vivid light.",Creative Prose,Inner Monologue & Emotion
The silhouette looked radiant.,"The silhouette whispered through the air, cloaked in a radiant light.",Creative Prose,Atmosphere & Setting
The void looked haunting.,"The void entwined through the air, cloaked in a haunting light.",Creative Prose,Character Descriptions
The silhouette looked fragmented.,"The silhouette pulsated through the air, cloaked in a fragmented light.",Creative Prose,Atmosphere & Setting
The void looked radiant.,"The void entwined through the air, cloaked in a radiant light.",Creative Prose,Inner Monologue & Emotion
The mirage looked fragmented.,"The mirage echoed through the air, cloaked in a fragmented light.",Creative Prose,Action & Movement
The abyss looked sublime.,"The abyss shimmered through the air, cloaked in a sublime light.",Creative Prose,Atmosphere & Setting
The crescendo looked haunting.,"The crescendo entwined through the air, cloaked in a haunting light.",Creative Prose,Dialogue & Speech
The sanctuary looked visceral.,"The sanctuary ignited through the air, cloaked in a visceral light.",Creative Prose,Action & Movement
The mirage looked radiant.,"The mirage pulsated through the air, cloaked in a radiant light.",Creative Prose,Character Descriptions
The labyrinth looked haunting.,"The labyrinth fractured through the air, cloaked in a haunting light.",Creative Prose,Atmosphere & Setting
The labyrinth looked haunting.,"The labyrinth entwined through the air, cloaked in a haunting light.",Creative Prose,Character Descriptions
The mirage looked timeless.,"The mirage pulsated through the air, cloaked in a timeless light.",Creative Prose,Sensory Details
The silhouette looked visceral.,"The silhouette whispered through the air, cloaked in a visceral light.",Creative Prose,Character Descriptions
The legacy looked visceral.,"The legacy shimmered through the air, cloaked in a visceral light.",Creative Prose,Dialogue & Speech
The tapestry looked ominous.,"The tapestry fractured through the air, cloaked in a ominous light.",Creative Prose,Dialogue & Speech
The labyrinth looked timeless.,"The labyrinth shimmered through the air, cloaked in a timeless light.",Creative Prose,Dialogue & Speech
The crescendo looked radiant.,"The crescendo cascaded through the air, cloaked in a radiant light.",Creative Prose,Inner Monologue & Emotion
The tapestry looked sublime.,"The tapestry ignited through the air, cloaked in a sublime light.",Creative Prose,Character Descriptions
The horizon looked melancholy.,"The horizon entwined through the air, cloaked in a melancholy light.",Creative Prose,Inner Monologue & Emotion
The crescendo looked ominous.,"The crescendo dissolved through the air, cloaked in a ominous light.",Creative Prose,Dialogue & Speech
The legacy looked timeless.,"The legacy whispered through the air, cloaked in a timeless light.",Creative Prose,Character Descriptions
The mirage looked vivid.,"The mirage echoed through the air, cloaked in a vivid light.",Creative Prose,Atmosphere & Setting
The tapestry looked timeless.,"The tapestry loomed through the air, cloaked in a timeless light.",Creative Prose,Inner Monologue & Emotion
The silhouette looked radiant.,"The silhouette pulsated through the air, cloaked in a radiant light.",Creative Prose,Character Descriptions
The void looked timeless.,"The void loomed through the air, cloaked in a timeless light.",Creative Prose,Dialogue & Speech
The silhouette looked radiant.,"The silhouette dissolved through the air, cloaked in a radiant light.",Creative Prose,Sensory Details
The tapestry looked ethereal.,"The tapestry fractured through the air, cloaked in a ethereal light.",Creative Prose,Character Descriptions
The abyss looked vivid.,"The abyss whispered through the air, cloaked in a vivid light.",Creative Prose,Action & Movement
The sanctuary looked visceral.,"The sanctuary pulsated through the air, cloaked in a visceral light.",Creative Prose,Inner Monologue & Emotion
The legacy looked sublime.,"The legacy shimmered through the air, cloaked in a sublime light.",Creative Prose,Inner Monologue & Emotion
The crescendo looked radiant.,"The crescendo entwined through the air, cloaked in a radiant light.",Creative Prose,Sensory Details
The labyrinth looked vivid.,"The labyrinth loomed through the air, cloaked in a vivid light.",Creative Prose,Action & Movement
The mirage looked ominous.,"The mirage pulsated through the air, cloaked in a ominous light.",Creative Prose,Atmosphere & Setting
The tapestry looked melancholy.,"The tapestry dissolved through the air, cloaked in a melancholy light.",Creative Prose,Action & Movement
The sanctuary looked radiant.,"The sanctuary fractured through the air, cloaked in a radiant light.",Creative Prose,Character Descriptions
The silhouette looked visceral.,"The silhouette fractured through the air, cloaked in a visceral light.",Creative Prose,Sensory Details
The legacy looked ominous.,"The legacy dissolved through the air, cloaked in a ominous light.",Creative Prose,Character Descriptions
The sanctuary looked timeless.,"The sanctuary loomed through the air, cloaked in a timeless light.",Creative Prose,Inner Monologue & Emotion
The void looked timeless.,"The void entwined through the air, cloaked in a timeless light.",Creative Prose,Sensory Details
The crescendo looked radiant.,"The crescendo pulsated through the air, cloaked in a radiant light.",Creative Prose,Action & Movement
The labyrinth looked ominous.,"The labyrinth loomed through the air, cloaked in a ominous light.",Creative Prose,Dialogue & Speech
The void looked radiant.,"The void dissolved through the air, cloaked in a radiant light.",Creative Prose,Character Descriptions
The void looked vivid.,"The void dissolved through the air, cloaked in a vivid light.",Creative Prose,Sensory Details
The legacy looked melancholy.,"The legacy fractured through the air, cloaked in a melancholy light.",Creative Prose,Atmosphere & Setting
The crescendo looked vivid.,"The crescendo whispered through the air, cloaked in a vivid light.",Creative Prose,Inner Monologue & Emotion
The void looked timeless.,"The void entwined through the air, cloaked in a timeless light.",Creative Prose,Sensory Details
The crescendo looked ominous.,"The crescendo cascaded through the air, cloaked in a ominous light.",Creative Prose,Character Descriptions
The mirage looked ominous.,"The mirage loomed through the air, cloaked in a ominous light.",Creative Prose,Atmosphere & Setting
The horizon looked melancholy.,"The horizon loomed through the air, cloaked in a melancholy light.",Creative Prose,Inner Monologue & Emotion
The tapestry looked haunting.,"The tapestry pulsated through the air, cloaked in a haunting light.",Creative Prose,Atmosphere & Setting
The void looked fragmented.,"The void cascaded through the air, cloaked in a fragmented light.",Creative Prose,Atmosphere & Setting
The legacy looked vivid.,"The legacy whispered through the air, cloaked in a vivid light.",Creative Prose,Sensory Details
The legacy looked ethereal.,"The legacy fractured through the air, cloaked in a ethereal light.",Creative Prose,Inner Monologue & Emotion
